Region;Sector;Material;Scenario;Unit;2020;2030;2050
EU;Renewable energy;Ag;LDS;t/yr;541,2289828;467,0607752;331,3633139
EU;Renewable energy;Ag;HDS;t/yr;541,2289828;961,0102676;750,1515702
EU;Renewable energy;Al;LDS;t/yr;227523,0621;279311,248;432218,5244
EU;Renewable energy;Al;HDS;t/yr;227523,0621;554128,5827;889333,396
EU;Renewable energy;As;LDS;t/yr;0;0;19,14543592
EU;Renewable energy;As;HDS;t/yr;0;0;43,34209072
EU;Renewable energy;B;LDS;t/yr;13,73426465;19,88186258;9,909018708
EU;Renewable energy;B;HDS;t/yr;13,73426465;64,50386028;86,24896263
EU;Renewable energy;Balsa wood;LDS;t/yr;2679,47757;4684,635;4320,135
EU;Renewable energy;Balsa wood;HDS;t/yr;2679,47757;9835,8111;12207,1293
EU;Renewable energy;Cd;LDS;t/yr;60,1618743;51,91749249;38,87996217
EU;Renewable energy;Cd;HDS;t/yr;60,1618743;106,8238782;88,01778424
EU;Renewable energy;Co;LDS;t/yr;143;3250;8707
EU;Renewable energy;Co;HDS;t/yr;143;4432;11577
EU;Renewable energy;Concrete;LDS;t/yr;4588589,292;7309346,803;6951427,358
EU;Renewable energy;Concrete;HDS;t/yr;4588589,292;15027596,96;17835220,3
EU;Renewable energy;Cr;LDS;t/yr;5239,713405;9151,665463;8450,447853
EU;Renewable energy;Cr;HDS;t/yr;5239,713405;19472,13953;24662,29315
EU;Renewable energy;Cu;LDS;t/yr;94712,80981;217018,289;349364,5172
EU;Renewable energy;Cu;HDS;t/yr;94712,80981;496783,8402;845312,1421
EU;Renewable energy;Dy;LDS;t/yr;57,29109511;87,37679152;47,30565348
EU;Renewable energy;Dy;HDS;t/yr;57,29109511;249,7710953;296,4928741
EU;Renewable energy;Fe;LDS;t/yr;187944,6339;330853,2206;334592,2916
EU;Renewable energy;Fe;HDS;t/yr;187944,6339;707460,9476;955321,005
EU;Renewable energy;Fluorspar;LDS;t/yr;3;64;323
EU;Renewable energy;Fluorspar;HDS;t/yr;3;102;564
EU;Renewable energy;Ga;LDS;t/yr;3,258768191;2,81219751;40,39686978
EU;Renewable energy;Ga;HDS;t/yr;3,258768191;5,7862934;91,45181142
EU;Renewable energy;Ge;LDS;t/yr;0;0;2503,633927
EU;Renewable energy;Ge;HDS;t/yr;0;0;5667,811864
EU;Renewable energy;Glass;LDS;t/yr;1090137,72;1112986,007;1204836,411
EU;Renewable energy;Glass;HDS;t/yr;1090137,72;2290046,685;2727549,754
EU;Renewable energy;Glass / carbon composites;LDS;t/yr;79864,77834;139377,8314;128476,84
EU;Renewable energy;Glass / carbon composites;HDS;t/yr;79864,77834;294733,4533;369304,548
EU;Renewable energy;Graphite;LDS;t/yr;1068;20954;102282
EU;Renewable energy;Graphite;HDS;t/yr;1068;33053;174819
EU;Renewable energy;In;LDS;t/yr;6,950519569;5,99804364;39,83723396
EU;Renewable energy;In;HDS;t/yr;6,950519569;12,34139502;90,18488877
EU;Renewable energy;Ir;LDS;t/yr;0;1,8;2,4
EU;Renewable energy;Ir;HDS;t/yr;0;2,9;9,3
EU;Renewable energy;La;LDS;t/yr;0;3,8;96,7
EU;Renewable energy;La;HDS;t/yr;0;5,9;381,5
EU;Renewable energy;Li;LDS;t/yr;133;2551;12146
EU;Renewable energy;Li;HDS;t/yr;133;3912;20052
EU;Renewable energy;Mn;LDS;t/yr;9206,958937;19396,68872;25205,33058
EU;Renewable energy;Mn;HDS;t/yr;9206,958937;37491,53433;54340,91283
EU;Renewable energy;Mo;LDS;t/yr;1038,985657;1791,928398;1640,772738
EU;Renewable energy;Mo;HDS;t/yr;1038,985657;3851,313628;4877,172018
EU;Renewable energy;Nd;LDS;t/yr;512,3570637;760,3329172;397,0063877
EU;Renewable energy;Nd;HDS;t/yr;512,3570637;2300,233115;2870,991579
EU;Renewable energy;Ni;LDS;t/yr;3774,56544;13908,37769;41579,47473
EU;Renewable energy;Ni;HDS;t/yr;3850,173903;24201,7439;86099,05359
EU;Renewable energy;Ni;HDS;t/yr;3850,173903;24201,7439;86099,05359
EU;Renewable energy;P;LDS;t/yr;422;10647;57920
EU;Renewable energy;P;HDS;t/yr;422;18480;112657
EU;Renewable energy;Pb;LDS;t/yr;649,4747794;560,4729303;397,6359767
EU;Renewable energy;Pb;HDS;t/yr;649,4747794;1153,212321;900,1818842
EU;Renewable energy;Pd;LDS;t/yr;0;1,2;1,6
EU;Renewable energy;Pd;HDS;t/yr;0;1,9;6,1
EU;Renewable energy;Plastic;LDS;t/yr;189432,2275;225357,3826;225623,5694
EU;Renewable energy;Plastic;HDS;t/yr;189432,2275;467857,2253;552887,0533
EU;Renewable energy;Pr;LDS;t/yr;83,43826149;123,0136218;62,52611695
EU;Renewable energy;Pr;HDS;t/yr;83,43826149;387,3364694;510,3282446
EU;Renewable energy;Pt;LDS;t/yr;0;1,8;2,4
EU;Renewable energy;Pt;HDS;t/yr;0;2,9;9,3
EU;Renewable energy;Rh;LDS;t/yr;0,0027;0,4388;0,5652
EU;Renewable energy;Rh;HDS;t/yr;0,0027;0,6882;2,2293
EU;Renewable energy;Ru;LDS;t/yr;0,0027;0,4388;0,5652
EU;Renewable energy;Ru;HDS;t/yr;0,0027;0,6882;2,2293
EU;Renewable energy;Se;LDS;t/yr;9,388898565;8,102275343;6,06763046
EU;Renewable energy;Se;HDS;t/yr;9,388898565;16,67099917;13,73610875
EU;Renewable energy;Si;LDS;t/yr;58452,73014;50442,56373;35787,2379
EU;Renewable energy;Si;HDS;t/yr;58452,73014;103789,1089;81016,36958
EU;Renewable energy;Sn;LDS;t/yr;1082,457966;934,1215505;662,7266279
EU;Renewable energy;Sn;HDS;t/yr;1082,457966;1922,020535;1500,30314
EU;Renewable energy;Steel;LDS;t/yr;2469553,586;3416587,524;3324044,677
EU;Renewable energy;Steel;HDS;t/yr;2469553,586;7074995,86;8554647,755
EU;Renewable energy;Tb;LDS;t/yr;19,86575678;30,4308058;16,17692212
EU;Renewable energy;Tb;HDS;t/yr;19,86575678;86,5185724;104,7711334
EU;Renewable energy;Te;LDS;t/yr;64,71959205;55,85063586;41,82541385
EU;Renewable energy;Te;HDS;t/yr;64,71959205;114,9165962;94,68579819
EU;Renewable energy;Y;LDS;t/yr;0;0,5;11,7
EU;Renewable energy;Y;HDS;t/yr;0;0,7;46,3
EU;Renewable energy;Zn;LDS;t/yr;46454,04072;77347,12462;69014,10222
EU;Renewable energy;Zn;HDS;t/yr;46454,04072;169525,9692;211618,9223
EU;Renewable energy;Zr;LDS;t/yr;0,5;418,9;1110
EU;Renewable energy;Zr;HDS;t/yr;0,5;657,1;4378,3
USA;Renewable energy;Ag;LDS;t/yr;340,0172531;630,3836253;750,0411812
USA;Renewable energy;Ag;HDS;t/yr;340,0172531;832,188207;925,0706206
USA;Renewable energy;Al;LDS;t/yr;209845,5888;539695,1952;1151761,368
USA;Renewable energy;Al;HDS;t/yr;209845,5888;735286,0918;1650885,585
USA;Renewable energy;As;LDS;t/yr;0;0;56,77167602
USA;Renewable energy;As;HDS;t/yr;0;0;70,01990141
USA;Renewable energy;B;LDS;t/yr;1,76907666;2,958748481;3,466828538
USA;Renewable energy;B;HDS;t/yr;1,76907666;10,02389235;26,18350427
USA;Renewable energy;Balsa wood;LDS;t/yr;3799,926;3893,611143;4794,134205
USA;Renewable energy;Balsa wood;HDS;t/yr;3799,926;4294,226763;5783,839518
USA;Renewable energy;Cd;LDS;t/yr;316,672785;587,1035555;749,3861234
USA;Renewable energy;Cd;HDS;t/yr;316,672785;775,0528972;924,2626986
USA;Renewable energy;Co;LDS;t/yr;611;9997;19993
USA;Renewable energy;Co;HDS;t/yr;611;13386;26468
USA;Renewable energy;Concrete;LDS;t/yr;6009329,835;7149875,042;9853309,669
USA;Renewable energy;Concrete;HDS;t/yr;6009329,835;8248288,842;11622717,91
USA;Renewable energy;Cr;LDS;t/yr;6976,664136;7159,430631;8889,703856
USA;Renewable energy;Cr;HDS;t/yr;6976,664136;8045,028517;11208,61698
USA;Renewable energy;Cu;LDS;t/yr;156927,8999;219726,1327;375669,9469
USA;Renewable energy;Cu;HDS;t/yr;156927,8999;353744,8112;683678,311
USA;Renewable energy;Dy;LDS;t/yr;28,66551584;32,26621308;28,93566665
USA;Renewable energy;Dy;HDS;t/yr;28,66551584;54,94410925;96,68563002
USA;Renewable energy;Fe;LDS;t/yr;253536,4547;280393,5922;407225,0648
USA;Renewable energy;Fe;HDS;t/yr;253536,4547;326748,0876;573329,3639
USA;Renewable energy;Fluorspar;LDS;t/yr;14;197;741
USA;Renewable energy;Fluorspar;HDS;t/yr;14;309;1290
USA;Renewable energy;Ga;LDS;t/yr;0,698542908;1,295081372;115,1964097
USA;Renewable energy;Ga;HDS;t/yr;0,698542908;1,709675509;142,0786176
USA;Renewable energy;Ge;LDS;t/yr;0;0;7423,988402
USA;Renewable energy;Ge;HDS;t/yr;0;0;9156,448646
USA;Renewable energy;Glass;LDS;t/yr;1018172,587;2233270,633;4101272,349
USA;Renewable energy;Glass;HDS;t/yr;1018172,587;2948207,106;5058344,33
USA;Renewable energy;Glass / carbon composites;LDS;t/yr;110199,2614;112995,4398;139552,1781
USA;Renewable energy;Glass / carbon composites;HDS;t/yr;110199,2614;125621,7479;171776,7659
USA;Renewable energy;Graphite;LDS;t/yr;4577;64458;234866
USA;Renewable energy;Graphite;HDS;t/yr;4577;99834;399670
USA;Renewable energy;In;LDS;t/yr;1,48989921;2,762236494;108,3350003
USA;Renewable energy;In;HDS;t/yr;1,48989921;3,6465107;133,6160313
USA;Renewable energy;Ir;LDS;t/yr;0;1,1;2,5
USA;Renewable energy;Ir;HDS;t/yr;0;4,1;8,8
USA;Renewable energy;La;LDS;t/yr;0;2,9;73,6
USA;Renewable energy;La;HDS;t/yr;0;10,2;263,3
USA;Renewable energy;Li;LDS;t/yr;569;7849;27889
USA;Renewable energy;Li;HDS;t/yr;569;11817;45842
USA;Renewable energy;Mn;LDS;t/yr;13449,54738;22431,65916;38693,60586
USA;Renewable energy;Mn;HDS;t/yr;13449,54738;27047,3806;49212,15142
USA;Renewable energy;Mo;LDS;t/yr;1394,995056;1431,521765;1767,939731
USA;Renewable energy;Mo;HDS;t/yr;1394,995056;1606,749346;2236,684876
USA;Renewable energy;Nd;LDS;t/yr;188,9449871;225,9065954;213,3196127
USA;Renewable energy;Nd;HDS;t/yr;188,9449871;454,9790141;918,8731324
USA;Renewable energy;Ni;LDS;t/yr;7111,32739;22173,09872;74761,9349
USA;Renewable energy;Ni;HDS;t/yr;7212,095798;32959,85087;110858,5154
USA;Renewable energy;P;LDS;t/yr;1810;32753;133000
USA;Renewable energy;P;HDS;t/yr;1810;55817;257555
USA;Renewable energy;Pb;LDS;t/yr;408,0207038;756,4603504;900,0494175
USA;Renewable energy;Pb;HDS;t/yr;408,0207038;998,6258484;1110,084745
USA;Renewable energy;Pd;LDS;t/yr;0;0,8;1,6
USA;Renewable energy;Pd;HDS;t/yr;0;2,7;5,8
USA;Renewable energy;Plastic;LDS;t/yr;222134,1002;343512,3936;533190,3906
USA;Renewable energy;Plastic;HDS;t/yr;222134,1002;467157,7393;717849,5899
USA;Renewable energy;Pr;LDS;t/yr;5,910996;12,73222396;15,93116414
USA;Renewable energy;Pr;HDS;t/yr;5,910996;51,58799285;143,7055106
USA;Renewable energy;Pt;LDS;t/yr;0;1,1;2,5
USA;Renewable energy;Pt;HDS;t/yr;0;4,1;8,8
USA;Renewable energy;Se;LDS;t/yr;2,012585162;3,731283395;4,762655535
USA;Renewable energy;Se;HDS;t/yr;2,012585162;4,925778388;5,874067747
USA;Renewable energy;Si;LDS;t/yr;36721,86334;68081,43153;81004,44757
USA;Renewable energy;Si;HDS;t/yr;36721,86334;89876,32635;99907,62702
USA;Renewable energy;Sn;LDS;t/yr;680,0345063;1260,767251;1500,082362
USA;Renewable energy;Sn;HDS;t/yr;680,0345063;1664,376414;1850,141241
USA;Renewable energy;Steel;LDS;t/yr;3225431,355;4536504,284;6783243,186
USA;Renewable energy;Steel;HDS;t/yr;3225431,355;5860347,034;8842411,25
USA;Renewable energy;Tb;LDS;t/yr;12,5679034;14,02085885;12,17449581
USA;Renewable energy;Tb;HDS;t/yr;12,5679034;21,71891286;36,22720974
USA;Renewable energy;Te;LDS;t/yr;340,6631475;631,5810976;806,1577994
USA;Renewable energy;Te;HDS;t/yr;340,6631475;833,7690258;994,2826
USA;Renewable energy;Y;LDS;t/yr;0;0,3;8,9
USA;Renewable energy;Y;HDS;t/yr;0;1,2;32
USA;Renewable energy;Zn;LDS;t/yr;66573,29614;68244,59039;82643,26517
USA;Renewable energy;Zn;HDS;t/yr;66573,29614;75410,55295;102376,9948
USA;Renewable energy;Zr;LDS;t/yr;0;235,2;535,7
USA;Renewable energy;Zr;HDS;t/yr;0,01;841,271;1916,222
China;Renewable energy;Ag;LDS;t/yr;1462,47606;1778,553402;1919,984286
China;Renewable energy;Ag;HDS;t/yr;1462,47606;2252,187783;2778,045099
China;Renewable energy;Al;LDS;t/yr;666631,5935;948320,5745;1695432,266
China;Renewable energy;Al;HDS;t/yr;666631,5935;1236384,519;2587059,586
China;Renewable energy;As;LDS;t/yr;0;0;110,9324254
China;Renewable energy;As;HDS;t/yr;0;0;160,5092724
China;Renewable energy;B;LDS;t/yr;117,8453535;59,06375052;85,06854602
China;Renewable energy;B;HDS;t/yr;117,8453535;127,723436;350,1923863
China;Renewable energy;Balsa wood;LDS;t/yr;19550,9052;9809,145483;20990,16374
China;Renewable energy;Balsa wood;HDS;t/yr;19550,9052;16089,82329;42959,97688
China;Renewable energy;Cd;LDS;t/yr;162,56576;197,7002518;225,2781563
China;Renewable energy;Cd;HDS;t/yr;162,56576;250,3484525;325,9572916
China;Renewable energy;Co;LDS;t/yr;265;6201;14403
China;Renewable energy;Co;HDS;t/yr;265;8374;19113
China;Renewable energy;Concrete;LDS;t/yr;27023603,88;16268899,84;32544256,56
China;Renewable energy;Concrete;HDS;t/yr;27023603,88;24821260,64;60076472,34
China;Renewable energy;Cr;LDS;t/yr;36040,0454;18077,14539;38765,71866
China;Renewable energy;Cr;HDS;t/yr;36040,0454;30131,9749;82989,62662
China;Renewable energy;Cu;LDS;t/yr;240709,0699;232545,7435;429416,953
China;Renewable energy;Cu;HDS;t/yr;240709,0699;365432,056;861821,1191
China;Renewable energy;Dy;LDS;t/yr;444,4481846;222,8487948;319,9320863
China;Renewable energy;Dy;HDS;t/yr;444,4481846;451,5681441;1144,73148
China;Renewable energy;Fe;LDS;t/yr;1358015,853;694284,5994;1521105,469
China;Renewable energy;Fe;HDS;t/yr;1358015,853;1156087,841;3231817,903
China;Renewable energy;Fluorspar;LDS;t/yr;6;122;534
China;Renewable energy;Fluorspar;HDS;t/yr;6;193;931
China;Renewable energy;Ga;LDS;t/yr;8,805645331;10,70876364;234,0674177
China;Renewable energy;Ga;HDS;t/yr;8,805645331;13,56054118;338,6745647
China;Renewable energy;Ge;LDS;t/yr;0;0;14506,54794
China;Renewable energy;Ge;HDS;t/yr;0;0;20989,67408
China;Renewable energy;Glass;LDS;t/yr;2945703,886;4238217,28;6981059,397
China;Renewable energy;Glass;HDS;t/yr;2945703,886;5366867,911;10100966,96
China;Renewable energy;Glass / carbon composites;LDS;t/yr;570795,3478;286353,4957;613220,2353
China;Renewable energy;Glass / carbon composites;HDS;t/yr;570795,3478;473010,9874;1280340,383
China;Renewable energy;Graphite;LDS;t/yr;1983;39984;169203
China;Renewable energy;Graphite;HDS;t/yr;1983;62457;288612
China;Renewable energy;In;LDS;t/yr;18,78127151;22,84037;230,8247775
China;Renewable energy;In;HDS;t/yr;18,78127151;28,92283259;333,9827552
China;Renewable energy;Ir;LDS;t/yr;0;0,8;2,5
China;Renewable energy;Ir;HDS;t/yr;0;2,1;9,9
China;Renewable energy;La;LDS;t/yr;0;0;0
China;Renewable energy;La;HDS;t/yr;0;0;0
China;Renewable energy;Li;LDS;t/yr;246;4869;20092
China;Renewable energy;Li;HDS;t/yr;246;7393;33104
China;Renewable energy;Mn;LDS;t/yr;58718,34533;35172,20978;79133,72725
China;Renewable energy;Mn;HDS;t/yr;58718,34533;55926,82929;149545,0426
China;Renewable energy;Mo;LDS;t/yr;7471,3987;3748,232064;8026,404023
China;Renewable energy;Mo;HDS;t/yr;7471,3987;6242,5819;17152,3769
China;Renewable energy;Nd;LDS;t/yr;4204,548901;2107,892524;3029,440677
China;Renewable energy;Nd;HDS;t/yr;4204,548901;4381,183386;11464,26095
China;Renewable energy;Ni;LDS;t/yr;27843,90173;31368,24788;101031,771
China;Renewable energy;Ni;HDS;t/yr;27941,60292;56315,987;220784,0804
China;Renewable energy;P;LDS;t/yr;784;20317;95816
China;Renewable energy;P;HDS;t/yr;784;34920;185988
China;Renewable energy;Pb;LDS;t/yr;1754,971272;2134,264082;2303,981144
China;Renewable energy;Pb;HDS;t/yr;1754,971272;2702,62534;3333,654118
China;Renewable energy;Pd;LDS;t/yr;0;0,5;1,6
China;Renewable energy;Pd;HDS;t/yr;0;1,4;6,5
China;Renewable energy;Plastic;LDS;t/yr;758187,9093;769928,4382;1293327,844
China;Renewable energy;Plastic;HDS;t/yr;758187,9093;1053845,774;2123440,762
China;Renewable energy;Pr;LDS;t/yr;672,4022215;337,0619654;484,8411395
China;Renewable energy;Pr;HDS;t/yr;672,4022215;727,7027343;1992,456187
China;Renewable energy;Pt;LDS;t/yr;0;0,8;2,5
China;Renewable energy;Pt;HDS;t/yr;0;2,1;9,9
China;Renewable energy;Se;LDS;t/yr;25,37011102;30,85322112;35,1570456
China;Renewable energy;Se;HDS;t/yr;25,37011102;39,06953123;50,86909247
China;Renewable energy;Si;LDS;t/yr;157947,4145;192083,7674;207358,3029
China;Renewable energy;Si;HDS;t/yr;157947,4145;243236,2806;300028,8707
China;Renewable energy;Sn;LDS;t/yr;2924,95212;3557,106804;3839,968573
China;Renewable energy;Sn;HDS;t/yr;2924,95212;4504,375567;5556,090197
China;Renewable energy;Steel;LDS;t/yr;12082720,93;9490906,516;17202998,99
China;Renewable energy;Steel;HDS;t/yr;12082720,93;13726589,39;30607477,93
China;Renewable energy;Tb;LDS;t/yr;181,2146901;90,90008803;130,0763664
China;Renewable energy;Tb;HDS;t/yr;181,2146901;179,3003567;439,8396624
China;Renewable energy;Te;LDS;t/yr;174,8813478;212,6775436;242,3446832
China;Renewable energy;Te;HDS;t/yr;174,8813478;269,3142444;350,6510258
China;Renewable energy;Y;LDS;t/yr;0;0;0
China;Renewable energy;Y;HDS;t/yr;0;0;0
China;Renewable energy;Zn;LDS;t/yr;387756,3019;194641,5955;414916,1548
China;Renewable energy;Zn;HDS;t/yr;387756,3019;320464,8917;859589,9423
China;Renewable energy;Zr;LDS;t/yr;1,2;1080;3239,9
China;Renewable energy;Zr;HDS;t/yr;1,2;2755,2;12818,5
World;Renewable energy;Ag;LDS;t/yr;3737,129246;5914,821583;5798,494394
World;Renewable energy;Ag;HDS;t/yr;3737,129246;8143,679129;9358,265912
World;Renewable energy;Al;LDS;t/yr;1630044,239;3146621,869;5449291,163
World;Renewable energy;Al;HDS;t/yr;1630044,239;4499581,655;9070809,211
World;Renewable energy;As;LDS;t/yr;0;0;335,0241206
World;Renewable energy;As;HDS;t/yr;0;0;540,6998082
World;Renewable energy;B;LDS;t/yr;133,1075685;125,3346507;191,1104379
World;Renewable energy;B;HDS;t/yr;133,1075685;410,2063809;860,4627845
World;Renewable energy;Balsa wood;LDS;t/yr;29906,31186;27670,52585;63396,73452
World;Renewable energy;Balsa wood;HDS;t/yr;29906,31186;66105,18553;129784,8063
World;Renewable energy;Cd;LDS;t/yr;415,4114194;657,4791149;680,3566756
World;Renewable energy;Cd;HDS;t/yr;415,4114194;905,2342274;1098,036534
World;Renewable energy;Co;LDS;t/yr;1171;21193;57833
World;Renewable energy;Co;HDS;t/yr;1171;28458;76747
World;Renewable energy;Concrete;LDS;t/yr;45825797,43;49408684,15;101487063,9
World;Renewable energy;Concrete;HDS;t/yr;45825797,43;103108437,4;194167981,6
World;Renewable energy;Cr;LDS;t/yr;56095,29009;51993,16602;119147,9352
World;Renewable energy;Cr;HDS;t/yr;56095,29009;126191,0689;256369,1226
World;Renewable energy;Cu;LDS;t/yr;624933,6965;908934,6473;1687881,477
World;Renewable energy;Cu;HDS;t/yr;624933,6965;1660070,602;3358796,462
World;Renewable energy;Dy;LDS;t/yr;550,6679131;514,6068119;784,6659648
World;Renewable energy;Dy;HDS;t/yr;550,6679131;1547,476122;2953,206107
World;Renewable energy;Fe;LDS;t/yr;2054967,974;1945631,448;4605840,194
World;Renewable energy;Fe;HDS;t/yr;2054967,974;4686491,944;9815138,019
World;Renewable energy;Fluorspar;LDS;t/yr;26;417;2144
World;Renewable energy;Fluorspar;HDS;t/yr;26;657;3740
World;Renewable energy;Ga;LDS;t/yr;22,50145188;35,61345206;706,9008944
World;Renewable energy;Ga;HDS;t/yr;22,50145188;49,03352065;1140,876595
World;Renewable energy;Ge;LDS;t/yr;0;0;43810,84654
World;Renewable energy;Ge;HDS;t/yr;0;0;70706,898
World;Renewable energy;Glass;LDS;t/yr;7527286,39;14094768,82;21083315,14
World;Renewable energy;Glass;HDS;t/yr;7527286,39;19406041,77;34026637,95
World;Renewable energy;Glass / carbon composites;LDS;t/yr;876902,5916;811874,0761;1860167,062
World;Renewable energy;Glass / carbon composites;HDS;t/yr;876902,5916;1953274,363;3893219,65
World;Renewable energy;Graphite;LDS;t/yr;8773;136651;679387
World;Renewable energy;Graphite;HDS;t/yr;8773;212250;1158892
World;Renewable energy;In;LDS;t/yr;47,99260716;75,95876138;697,1078816
World;Renewable energy;In;HDS;t/yr;47,99260716;104,5819846;1125,071524
World;Renewable energy;Ir;LDS;t/yr;0;4,6;9,4
World;Renewable energy;Ir;HDS;t/yr;0;16,6;33,6
World;Renewable energy;La;LDS;t/yr;0;12,1;253,2
World;Renewable energy;La;HDS;t/yr;0;43,1;905,7
World;Renewable energy;Li;LDS;t/yr;1090;16640;80674
World;Renewable energy;Li;HDS;t/yr;1090;25123;132925
World;Renewable energy;Mn;LDS;t/yr;97759,93411;109369,6138;269943,4156
World;Renewable energy;Mn;HDS;t/yr;97759,93411;239300,8593;502592,4619
World;Renewable energy;Mo;LDS;t/yr;11327,28966;10488,17762;24022,49272
World;Renewable energy;Mo;HDS;t/yr;11327,28966;25470,5578;51679,10248
World;Renewable energy;Nd;LDS;t/yr;4995,36238;4680,89831;7136,607927
World;Renewable energy;Nd;HDS;t/yr;4995,36238;14562,43594;28919,80103
World;Renewable energy;Ni;LDS;t/yr;43506,83717;82669,1507;310568,5103
World;Renewable energy;Ni;HDS;t/yr;44091,72968;181805,6134;565724,0366
World;Renewable energy;P;LDS;t/yr;3469;69436;384724
World;Renewable energy;P;HDS;t/yr;3469;118669;746813
World;Renewable energy;Pb;LDS;t/yr;4484,555096;7097,7859;6958,193273
World;Renewable energy;Pb;HDS;t/yr;4484,555096;9772,414955;11229,91909
World;Renewable energy;Pd;LDS;t/yr;0;3,1;6,2
World;Renewable energy;Pd;HDS;t/yr;0;11;22,2
World;Renewable energy;Plastic;LDS;t/yr;1664168,781;2556916,459;4039394,108
World;Renewable energy;Plastic;HDS;t/yr;1664168,781;4090337,753;7125422,338
World;Renewable energy;Pr;LDS;t/yr;758,158845;712,6951147;1085,87607
World;Renewable energy;Pr;HDS;t/yr;758,158845;2324,737024;4850,995768
World;Renewable energy;Pt;LDS;t/yr;0;4,6;9,4
World;Renewable energy;Pt;HDS;t/yr;0;16,6;33,6
World;Renewable energy;Se;LDS;t/yr;64,82935787;102,6065891;106,1768751
World;Renewable energy;Se;HDS;t/yr;64,82935787;141,2714022;171,3602469
World;Renewable energy;Si;LDS;t/yr;403609,9586;638800,731;626237,3946
World;Renewable energy;Si;HDS;t/yr;403609,9586;879517,3459;1010692,718
World;Renewable energy;Sn;LDS;t/yr;7474,258493;11829,64317;11596,98879
World;Renewable energy;Sn;HDS;t/yr;7474,258493;16287,35826;18716,53182
World;Renewable energy;Steel;LDS;t/yr;23243845,16;30469830,91;53823097,41
World;Renewable energy;Steel;HDS;t/yr;23243845,16;54969012,09;99851637,09
World;Renewable energy;Tb;LDS;t/yr;218,0385316;203,2032742;309,9842376
World;Renewable energy;Tb;HDS;t/yr;218,0385316;591,3197715;1077,519054
World;Renewable energy;Te;LDS;t/yr;782,0434676;1237,754243;1280,822984
World;Renewable energy;Te;HDS;t/yr;782,0434676;1704,172011;2067,136959
World;Renewable energy;Y;LDS;t/yr;0;1,5;30,7
World;Renewable energy;Y;HDS;t/yr;0;5,2;109,9
World;Renewable energy;Zn;LDS;t/yr;546326,7046;503974,7189;1152677,678
World;Renewable energy;Zn;HDS;t/yr;546326,7046;1213190,809;2399737,982
World;Renewable energy;Zr;LDS;t/yr;3,5;1793,8;5184,9
World;Renewable energy;Zr;HDS;t/yr;3,5;6415,7;18544,9
EU;E-mobility;Al;LDS;t/yr;71804;580911;904647
EU;E-mobility;Al;HDS;t/yr;71804;788797;1174468
EU;E-mobility;B;LDS;t/yr;12;65;101
EU;E-mobility;B;HDS;t/yr;12;90;131
EU;E-mobility;Co;LDS;t/yr;7959;37138;27601
EU;E-mobility;Co;HDS;t/yr;7959;49217;28625
EU;E-mobility;Cu;LDS;t/yr;24899;209041;340451
EU;E-mobility;Cu;HDS;t/yr;24899;293559;459659
EU;E-mobility;Dy;LDS;t/yr;59;107;123
EU;E-mobility;Dy;HDS;t/yr;60;451;620
EU;E-mobility;Electrosteel;LDS;t/yr;31087;174851;268653
EU;E-mobility;Electrosteel;HDS;t/yr;31087;244347;356658
EU;E-mobility;Fe;LDS;t/yr;1276;59823;152819
EU;E-mobility;Fe;HDS;t/yr;1276;103957;245036
EU;E-mobility;Fluorspar;LDS;t/yr;94;987;1617
EU;E-mobility;Fluorspar;HDS;t/yr;94;1401;2366
EU;E-mobility;Graphite;LDS;t/yr;32658;321494;493123
EU;E-mobility;Graphite;HDS;t/yr;32658;445687;711754
EU;E-mobility;Li;LDS;t/yr;4758;39762;58417
EU;E-mobility;Li;HDS;t/yr;4758;54296;81821
EU;E-mobility;Mn;LDS;t/yr;6759;25979;19517
EU;E-mobility;Mn;HDS;t/yr;6759;35992;19804
EU;E-mobility;Nd;LDS;t/yr;437;1634;2186
EU;E-mobility;Nd;HDS;t/yr;437;2916;4025
EU;E-mobility;Ni;LDS;t/yr;23301;209604;275541
EU;E-mobility;Ni;HDS;t/yr;23301;259660;369170
EU;E-mobility;P;LDS;t/yr;643;65492;176138
EU;E-mobility;P;HDS;t/yr;643;113511;272764
EU;E-mobility;Pt;LDS;t/yr;0,009730446;0,006634435;7,538354004
EU;E-mobility;Pt;HDS;t/yr;0,009730444;0,005898029;10,46976379
EU;E-mobility;Steel;LDS;t/yr;989;5564;8549
EU;E-mobility;Steel;HDS;t/yr;989;7775;11349
USA;E-mobility;Al;LDS;t/yr;16041;438642;1318133
USA;E-mobility;Al;HDS;t/yr;16041;803960;1642025
USA;E-mobility;B;LDS;t/yr;2;52;147
USA;E-mobility;B;HDS;t/yr;2;97;184
USA;E-mobility;Co;LDS;t/yr;2045;23174;40415
USA;E-mobility;Co;HDS;t/yr;2045;41215;39639
USA;E-mobility;Cu;LDS;t/yr;5675;153822;496495
USA;E-mobility;Cu;HDS;t/yr;5675;288543;641391
USA;E-mobility;Dy;LDS;t/yr;12;87;179
USA;E-mobility;Dy;HDS;t/yr;14;420;863
USA;E-mobility;Electrosteel;LDS;t/yr;6623;131236;391565
USA;E-mobility;Electrosteel;HDS;t/yr;6623;245062;498225
USA;E-mobility;Fe;LDS;t/yr;271;38335;223684
USA;E-mobility;Fe;HDS;t/yr;271;88891;339514
USA;E-mobility;Fluorspar;LDS;t/yr;24;616;2367
USA;E-mobility;Fluorspar;HDS;t/yr;24;1173;3276
USA;E-mobility;Graphite;LDS;t/yr;8240;203155;721887
USA;E-mobility;Graphite;HDS;t/yr;8240;378245;986127
USA;E-mobility;Li;LDS;t/yr;1186;26021;85443
USA;E-mobility;Li;HDS;t/yr;1186;47611;113532
USA;E-mobility;Mn;LDS;t/yr;1688;16941;28549
USA;E-mobility;Mn;HDS;t/yr;1688;31448;27474
USA;E-mobility;Nd;LDS;t/yr;87;1326;3179
USA;E-mobility;Nd;HDS;t/yr;87;3161;5646
USA;E-mobility;Ni;LDS;t/yr;5986;130795;403462
USA;E-mobility;Ni;HDS;t/yr;5986;217442;511215
USA;E-mobility;P;LDS;t/yr;109;49820;256790
USA;E-mobility;P;HDS;t/yr;109;114462;380772
USA;E-mobility;Pt;LDS;t/yr;0,003348684;0,015357757;13,13249988
USA;E-mobility;Pt;HDS;t/yr;0,003348684;0,020741477;13,73933289
USA;E-mobility;Steel;LDS;t/yr;211;4176;12460
USA;E-mobility;Steel;HDS;t/yr;211;7798;15854
China;E-mobility;Al;LDS;t/yr;63530;209559;1319229
China;E-mobility;Al;HDS;t/yr;63530;208029;1717328
China;E-mobility;B;LDS;t/yr;9;24;148
China;E-mobility;B;HDS;t/yr;9;24;192
China;E-mobility;Co;LDS;t/yr;8179;12869;39801
China;E-mobility;Co;HDS;t/yr;8179;12117;41873
China;E-mobility;Cu;LDS;t/yr;22508;74974;495489
China;E-mobility;Cu;HDS;t/yr;22508;76392;672179
China;E-mobility;Dy;LDS;t/yr;46;39;180
China;E-mobility;Dy;HDS;t/yr;54;115;907
China;E-mobility;Electrosteel;LDS;t/yr;26131;62990;391504
China;E-mobility;Electrosteel;HDS;t/yr;26131;64057;521530
China;E-mobility;Fe;LDS;t/yr;1066;20839;220552
China;E-mobility;Fe;HDS;t/yr;1066;25770;358437
China;E-mobility;Fluorspar;LDS;t/yr;97;342;2331
China;E-mobility;Fluorspar;HDS;t/yr;97;345;3460
China;E-mobility;Graphite;LDS;t/yr;32924;111679;711476
China;E-mobility;Graphite;HDS;t/yr;32924;110208;1041149
China;E-mobility;Li;LDS;t/yr;4734;13910;84451
China;E-mobility;Li;HDS;t/yr;4734;13574;119679
China;E-mobility;Mn;LDS;t/yr;6739;9081;28208
China;E-mobility;Mn;HDS;t/yr;6739;8987;28967
China;E-mobility;Nd;LDS;t/yr;342;600;3200
China;E-mobility;Nd;HDS;t/yr;342;787;5885
China;E-mobility;Ni;LDS;t/yr;23945;72632;397336
China;E-mobility;Ni;HDS;t/yr;23945;63926;540032
China;E-mobility;P;LDS;t/yr;420;23666;256532
China;E-mobility;P;HDS;t/yr;420;29817;398867
China;E-mobility;Pt;LDS;t/yr;0,000376322;0,007849182;11,27194568
China;E-mobility;Pt;HDS;t/yr;0,000376322;0,003972683;13,18890833
China;E-mobility;Steel;LDS;t/yr;831;2004;12458
China;E-mobility;Steel;HDS;t/yr;831;2038;16595
World;E-mobility;Al;LDS;t/yr;159084;2322724;11313941
World;E-mobility;Al;HDS;t/yr;159084;3234038;13908469
World;E-mobility;B;LDS;t/yr;25;275;1267
World;E-mobility;B;HDS;t/yr;25;388;1561
World;E-mobility;Co;LDS;t/yr;19078;126019;340890
World;E-mobility;Co;HDS;t/yr;19078;170032;333731
World;E-mobility;Cu;LDS;t/yr;55773;817262;4248413
World;E-mobility;Cu;HDS;t/yr;55773;1165753;5426114
World;E-mobility;Dy;LDS;t/yr;123;456;1544
World;E-mobility;Dy;HDS;t/yr;123;1704;6467
World;E-mobility;Electrosteel;LDS;t/yr;67130;695469;3357334
World;E-mobility;Electrosteel;HDS;t/yr;67130;987680;4217907
World;E-mobility;Fe;LDS;t/yr;2747;207632;1889192
World;E-mobility;Fe;HDS;t/yr;2747;365657;2859513
World;E-mobility;Fluorspar;LDS;t/yr;226;3351;19969
World;E-mobility;Fluorspar;HDS;t/yr;226;4839;27580
World;E-mobility;Graphite;LDS;t/yr;77472;1102635;6094093
World;E-mobility;Graphite;HDS;t/yr;77472;1557545;8305236
World;E-mobility;Li;LDS;t/yr;11208;140507;723525
World;E-mobility;Li;HDS;t/yr;11208;195183;957089
World;E-mobility;Mn;LDS;t/yr;15939;91522;241663
World;E-mobility;Mn;HDS;t/yr;15939;128983;231580
World;E-mobility;Nd;LDS;t/yr;912;6959;27455
World;E-mobility;Nd;HDS;t/yr;912;12627;47923
World;E-mobility;Ni;LDS;t/yr;55851;711239;3403138
World;E-mobility;Ni;HDS;t/yr;55851;897052;4304075
World;E-mobility;P;LDS;t/yr;1236;263560;2199735
World;E-mobility;P;HDS;t/yr;1236;461022;3222193
World;E-mobility;Pt;LDS;t/yr;0,076343899;0,084941292;61,06003613
World;E-mobility;Pt;HDS;t/yr;0,076343899;0,081340237;74,05155762
World;E-mobility;Steel;LDS;t/yr;2136;22130;106830
World;E-mobility;Steel;HDS;t/yr;2136;31428;134214
EU;ICT;Ag;LDS;t/yr;30,65070031;26,21256124;
EU;ICT;Ag;HDS;t/yr;30,65070031;37,04118979;
EU;ICT;Al;LDS;t/yr;23573,22139;22147,79665;
EU;ICT;Al;HDS;t/yr;23573,22139;32067,96538;
EU;ICT;As;LDS;t/yr;2,980752;2,56188087;
EU;ICT;As;HDS;t/yr;2,980752;3,643152;
EU;ICT;Au;LDS;t/yr;14,10129081;13,37381601;
EU;ICT;Au;HDS;t/yr;14,10129081;19,35078208;
EU;ICT;B;LDS;t/yr;119,5111956;103,3608686;
EU;ICT;B;HDS;t/yr;119,5111956;146,3139312;
EU;ICT;Ba;LDS;t/yr;277,5180739;234,7556606;
EU;ICT;Ba;HDS;t/yr;277,5180739;332,8290801;
EU;ICT;Be;LDS;t/yr;0,255264681;0,213716372;
EU;ICT;Be;HDS;t/yr;0,255264681;0,300080117;
EU;ICT;Bi;LDS;t/yr;2,585546024;2,224968085;
EU;ICT;Bi;HDS;t/yr;2,585546024;3,149407745;
EU;ICT;Br;LDS;t/yr;859,74;743,5577285;
EU;ICT;Br;HDS;t/yr;859,74;1052,5536;
EU;ICT;Cd;LDS;t/yr;0,017597236;0,015219207;
EU;ICT;Cd;HDS;t/yr;0,017597236;0,021543762;
EU;ICT;Ce;LDS;t/yr;10,01250333;8,622275014;
EU;ICT;Ce;HDS;t/yr;10,01250333;12,24298404;
EU;ICT;Cl;LDS;t/yr;24,564;21,24450653;
EU;ICT;Cl;HDS;t/yr;24,564;30,07296;
EU;ICT;Co;LDS;t/yr;518,2055706;344,4859153;
EU;ICT;Co;HDS;t/yr;518,2055706;451,9635917;
EU;ICT;Cr;LDS;t/yr;1087,727159;1161,93155;
EU;ICT;Cr;HDS;t/yr;1087,727159;1718,491046;
EU;ICT;Cu;LDS;t/yr;7907,394124;8256,656578;
EU;ICT;Cu;HDS;t/yr;7907,394124;12097,29762;
EU;ICT;Dy;LDS;t/yr;8,223565358;8,286794376;
EU;ICT;Dy;HDS;t/yr;8,223565358;12,33961786;
EU;ICT;Epoxy Resins;LDS;t/yr;2447,852167;3418,330139;
EU;ICT;Epoxy Resins;HDS;t/yr;2447,852167;5202,130792;
EU;ICT;Eu;LDS;t/yr;0,00981;0,006487461;
EU;ICT;Eu;HDS;t/yr;0,00981;0,00849;
EU;ICT;Fe;LDS;t/yr;28471,11036;39002,01457;
EU;ICT;Fe;HDS;t/yr;28471,11036;59243,02691;
EU;ICT;Ga;LDS;t/yr;2,261318188;1,966014771;
EU;ICT;Ga;HDS;t/yr;2,261318188;2,8367861;
EU;ICT;Gd;LDS;t/yr;1,459621044;1,212005346;
EU;ICT;Gd;HDS;t/yr;1,459621044;1,758657293;
EU;ICT;Ge;LDS;t/yr;0,190491046;0,232061381;
EU;ICT;Ge;HDS;t/yr;0,190491046;0,349317525;
EU;ICT;Glass fibre;LDS;t/yr;3581,421709;5001,315821;
EU;ICT;Glass fibre;HDS;t/yr;3581,421709;7611,172116;
EU;ICT;Hf;LDS;t/yr;0,1048704;0,087486044;
EU;ICT;Hf;HDS;t/yr;0,1048704;0,1271712;
EU;ICT;Hg;LDS;t/yr;0,030654588;0,026512033;
EU;ICT;Hg;HDS;t/yr;0,030654588;0,037529482;
EU;ICT;In;LDS;t/yr;4,523879257;3,80153527;
EU;ICT;In;HDS;t/yr;4,523879257;5,359808336;
EU;ICT;Li;LDS;t/yr;0,1398272;0,116648058;
EU;ICT;Li;HDS;t/yr;0,1398272;0,1695616;
EU;ICT;Mg;LDS;t/yr;7488,63183;6162,187591;
EU;ICT;Mg;HDS;t/yr;7488,63183;8666,559913;
EU;ICT;Mn;LDS;t/yr;857,2345537;980,394971;
EU;ICT;Mn;HDS;t/yr;857,2345537;1454,588571;
EU;ICT;Mo;LDS;t/yr;206,6230649;280,4578121;
EU;ICT;Mo;HDS;t/yr;206,6230649;425,4732136;
EU;ICT;Nb;LDS;t/yr;0,724819989;0,603672893;
EU;ICT;Nb;HDS;t/yr;0,724819989;0,874631799;
EU;ICT;Nd;LDS;t/yr;153,2809873;155,8716876;
EU;ICT;Nd;HDS;t/yr;153,2809873;232,462346;
EU;ICT;Ni;LDS;t/yr;1194,591464;1310,36074;
EU;ICT;Ni;HDS;t/yr;1194,591464;1943,972449;
EU;ICT;Pb;LDS;t/yr;90,79726054;78,47797672;
EU;ICT;Pb;HDS;t/yr;90,79726054;111,1369646;
EU;ICT;Pd;LDS;t/yr;2,900725759;2,914398047;
EU;ICT;Pd;HDS;t/yr;2,900725759;4,249084467;
EU;ICT;Plastic;LDS;t/yr;3544,199673;4832,987734;
EU;ICT;Plastic;HDS;t/yr;3544,199673;7348,93918;
EU;ICT;Pr;LDS;t/yr;40,21597035;39,53424687;
EU;ICT;Pr;HDS;t/yr;40,21597035;58,62918607;
EU;ICT;Pt;LDS;t/yr;0,089151724;0,074426957;
EU;ICT;Pt;HDS;t/yr;0,089151724;0,108130376;
EU;ICT;Ru;LDS;t/yr;0,032841193;0,041980367;
EU;ICT;Ru;HDS;t/yr;0,032841193;0,06528357;
EU;ICT;Sb;LDS;t/yr;52,98680465;63,36344176;
EU;ICT;Sb;HDS;t/yr;52,98680465;94,59351387;
EU;ICT;Si;LDS;t/yr;2469,365274;2209,389055;
EU;ICT;Si;HDS;t/yr;2469,365274;3207,425196;
EU;ICT;Sn;LDS;t/yr;323,3324157;283,9426394;
EU;ICT;Sn;HDS;t/yr;323,3324157;406,7726706;
EU;ICT;Sr;LDS;t/yr;168,956544;141,2905342;
EU;ICT;Sr;HDS;t/yr;168,956544;201,3422045;
EU;ICT;Steel;LDS;t/yr;13381,05169;11091,94484;
EU;ICT;Steel;HDS;t/yr;13381,05169;15637,61903;
EU;ICT;Synthetic rubber;LDS;t/yr;67,76784;93,73205653;
EU;ICT;Synthetic rubber;HDS;t/yr;67,76784;142,0610245;
EU;ICT;Ta;LDS;t/yr;37,8742694;32,52884246;
EU;ICT;Ta;HDS;t/yr;37,8742694;46,23591541;
EU;ICT;Tb;LDS;t/yr;3,258852205;4,077697533;
EU;ICT;Tb;HDS;t/yr;3,258852205;6,329567885;
EU;ICT;Ti;LDS;t/yr;165,7480601;155,8134273;
EU;ICT;Ti;HDS;t/yr;165,7480601;224,7516759;
EU;ICT;V;LDS;t/yr;2,060864307;1,714037226;
EU;ICT;V;HDS;t/yr;5,060297105;6,928958351;
EU;ICT;W;LDS;t/yr;42,8035255;35,64197078;
EU;ICT;W;HDS;t/yr;42,8035255;51,72273711;
EU;ICT;Y;LDS;t/yr;0,139367971;0,116191359;
EU;ICT;Y;HDS;t/yr;0,139367971;0,162968213;
EU;ICT;Zn;LDS;t/yr;750,8370489;774,2446947;
EU;ICT;Zn;HDS;t/yr;750,8370489;1132,318159;
EU;ICT;Zr;LDS;t/yr;7,922171899;7,19206807;
EU;ICT;Zr;HDS;t/yr;7,922171899;10,7425882;
USA;ICT;Ag;LDS;t/yr;22,60300974;18,75641213;
USA;ICT;Ag;HDS;t/yr;22,60300974;25,54052215;
USA;ICT;Al;LDS;t/yr;22688,55203;22904,75709;
USA;ICT;Al;HDS;t/yr;22688,55203;33215,01688;
USA;ICT;As;LDS;t/yr;2,145486159;1,6947029;
USA;ICT;As;HDS;t/yr;2,145486159;2,281335233;
USA;ICT;Au;LDS;t/yr;14,33812794;14,59263336;
USA;ICT;Au;HDS;t/yr;14,33812794;21,09116766;
USA;ICT;B;LDS;t/yr;74,86556893;59,36839562;
USA;ICT;B;HDS;t/yr;74,86556893;77,90195675;
USA;ICT;Ba;LDS;t/yr;208,2366961;162,7443853;
USA;ICT;Ba;HDS;t/yr;208,2366961;220,2974091;
USA;ICT;Be;LDS;t/yr;0,169884277;0,131387004;
USA;ICT;Be;HDS;t/yr;0,169884277;0,173737832;
USA;ICT;Bi;LDS;t/yr;1,678067077;1,325581503;
USA;ICT;Bi;HDS;t/yr;1,678067077;1,750605342;
USA;ICT;Br;LDS;t/yr;538,5681558;427,0845437;
USA;ICT;Br;HDS;t/yr;538,5681558;560,4113317;
USA;ICT;Cd;LDS;t/yr;0,011023462;0,008741605;
USA;ICT;Cd;HDS;t/yr;0,011023462;0,01147055;
USA;ICT;Ce;LDS;t/yr;6,905504105;5,460595926;
USA;ICT;Ce;HDS;t/yr;6,905504105;7,296278879;
USA;ICT;Cl;LDS;t/yr;15,38766159;12,20241553;
USA;ICT;Cl;HDS;t/yr;15,38766159;16,01175233;
USA;ICT;Co;LDS;t/yr;475,3598327;328,0929725;
USA;ICT;Co;HDS;t/yr;475,3598327;451,0222011;
USA;ICT;Cr;LDS;t/yr;1469,124575;1693,783595;
USA;ICT;Cr;HDS;t/yr;1469,124575;2514,781169;
USA;ICT;Cu;LDS;t/yr;10356,98858;12014,78417;
USA;ICT;Cu;HDS;t/yr;10356,98858;17815,24469;
USA;ICT;Dy;LDS;t/yr;10,64216416;11,41832559;
USA;ICT;Dy;HDS;t/yr;10,64216416;17,15550068;
USA;ICT;Epoxy Resins;LDS;t/yr;4866,212138;6834,77082;
USA;ICT;Epoxy Resins;HDS;t/yr;4866,212138;10401,38614;
USA;ICT;Eu;LDS;t/yr;0,008970508;0,006170438;
USA;ICT;Eu;HDS;t/yr;0,008970508;0,008474579;
USA;ICT;Fe;LDS;t/yr;56599,1953;77982,47106;
USA;ICT;Fe;HDS;t/yr;56599,1953;118453,3077;
USA;ICT;Ga;LDS;t/yr;2,25042843;1,895118094;
USA;ICT;Ga;HDS;t/yr;2,25042843;2,691064642;
USA;ICT;Gd;LDS;t/yr;1,680971082;1,311721551;
USA;ICT;Gd;HDS;t/yr;1,680971082;1,879170529;
USA;ICT;Ge;LDS;t/yr;0,328591081;0,419762282;
USA;ICT;Ge;HDS;t/yr;0,328591081;0,634051559;
USA;ICT;Glass fibre;LDS;t/yr;7119,69376;9999,867201;
USA;ICT;Glass fibre;HDS;t/yr;7119,69376;15218,13721;
USA;ICT;Hf;LDS;t/yr;0,121344;0,094892269;
USA;ICT;Hf;HDS;t/yr;0,121344;0,136032;
USA;ICT;Hg;LDS;t/yr;0,019202997;0,015227977;
USA;ICT;Hg;HDS;t/yr;0,019202997;0,01998183;
USA;ICT;In;LDS;t/yr;3,186852045;2,475448371;
USA;ICT;In;HDS;t/yr;3,186852045;3,311051777;
USA;ICT;Li;LDS;t/yr;0,161792;0,126523026;
USA;ICT;Li;HDS;t/yr;0,161792;0,181376;
USA;ICT;Mg;LDS;t/yr;5742,963757;4407,833819;
USA;ICT;Mg;HDS;t/yr;5742,963757;5972,926965;
USA;ICT;Mn;LDS;t/yr;1235,586333;1549,303193;
USA;ICT;Mn;HDS;t/yr;1235,586333;2316,066741;
USA;ICT;Mo;LDS;t/yr;405,8407735;556,279061;
USA;ICT;Mo;HDS;t/yr;405,8407735;844,1082837;
USA;ICT;Nb;LDS;t/yr;0,810533541;0,632960655;
USA;ICT;Nb;HDS;t/yr;0,810533541;0,904034166;
USA;ICT;Nd;LDS;t/yr;200,2106459;216,9133055;
USA;ICT;Nd;HDS;t/yr;200,2106459;326,3313632;
USA;ICT;Ni;LDS;t/yr;1722,412057;2038,066671;
USA;ICT;Ni;HDS;t/yr;1722,412057;3040,217207;
USA;ICT;Pb;LDS;t/yr;57,69451695;45,73754056;
USA;ICT;Pb;HDS;t/yr;57,69451695;60,18607728;
USA;ICT;Pd;LDS;t/yr;3,133578173;3,473717887;
USA;ICT;Pd;HDS;t/yr;3,133578173;5,078825171;
USA;ICT;Plastic;LDS;t/yr;7045,698145;9663,304069;
USA;ICT;Plastic;HDS;t/yr;7045,698145;14693,81629;
USA;ICT;Pr;LDS;t/yr;53,4552481;56,31767448;
USA;ICT;Pr;HDS;t/yr;53,4552481;84,65057863;
USA;ICT;Pt;LDS;t/yr;0,102222346;0,079951052;
USA;ICT;Pt;HDS;t/yr;0,102222346;0,114507055;
USA;ICT;Ru;LDS;t/yr;0,065286709;0,083937531;
USA;ICT;Ru;HDS;t/yr;0,065286709;0,130531054;
USA;ICT;Sb;LDS;t/yr;78,15093945;102,0830743;
USA;ICT;Sb;HDS;t/yr;78,15093945;153,2729081;
USA;ICT;Si;LDS;t/yr;2724,953322;2452,984414;
USA;ICT;Si;HDS;t/yr;2724,953322;3542,283488;
USA;ICT;Sn;LDS;t/yr;294,0398685;257,8117806;
USA;ICT;Sn;HDS;t/yr;294,0398685;363,7094009;
USA;ICT;Sr;LDS;t/yr;147,3447437;114,685938;
USA;ICT;Sr;HDS;t/yr;147,3447437;158,8027369;
USA;ICT;Steel;LDS;t/yr;10249,60128;7905,089162;
USA;ICT;Steel;HDS;t/yr;10249,60128;10717,24489;
USA;ICT;Synthetic rubber;LDS;t/yr;134,7192;187,4123033;
USA;ICT;Synthetic rubber;HDS;t/yr;134,7192;284,0435259;
USA;ICT;Ta;LDS;t/yr;27,1304412;21,41820469;
USA;ICT;Ta;HDS;t/yr;27,1304412;28,80565877;
USA;ICT;Tb;LDS;t/yr;6,478441131;8,153141149;
USA;ICT;Tb;HDS;t/yr;6,478441131;12,65563715;
USA;ICT;Ti;LDS;t/yr;147,6916829;146,7672828;
USA;ICT;Ti;HDS;t/yr;147,6916829;208,9918314;
USA;ICT;V;LDS;t/yr;2,32458361;1,81449159;
USA;ICT;V;HDS;t/yr;8,287311462;11,48114069;
USA;ICT;W;LDS;t/yr;48,85469022;38,16354504;
USA;ICT;W;HDS;t/yr;48,85469022;54,62685473;
USA;ICT;Y;LDS;t/yr;0,093448985;0,072053751;
USA;ICT;Y;HDS;t/yr;0,093448985;0,095369214;
USA;ICT;Zn;LDS;t/yr;911,5619666;1041,443865;
USA;ICT;Zn;HDS;t/yr;911,5619666;1534,861781;
USA;ICT;Zr;LDS;t/yr;10,72420891;9,76501323;
USA;ICT;Zr;HDS;t/yr;10,72420891;14,66072567;
China;ICT;Ag;LDS;t/yr;25,06056813;20,49460576;
China;ICT;Ag;HDS;t/yr;25,06056813;30,2095411;
China;ICT;Al;LDS;t/yr;16757,28784;20917,24906;
China;ICT;Al;HDS;t/yr;16757,28784;31467,64135;
China;ICT;As;LDS;t/yr;3,427620216;2,576296268;
China;ICT;As;HDS;t/yr;3,427620216;3,691306031;
China;ICT;Au;LDS;t/yr;15,92019592;16,97886011;
China;ICT;Au;HDS;t/yr;15,92019592;24,59946901;
China;ICT;B;LDS;t/yr;79,37541161;59,36839562;
China;ICT;B;HDS;t/yr;79,37541161;90,21947209;
China;ICT;Ba;LDS;t/yr;337,8567456;253,4744419;
China;ICT;Ba;HDS;t/yr;337,8567456;360,7368617;
China;ICT;Be;LDS;t/yr;0,171185913;0,126939065;
China;ICT;Be;HDS;t/yr;0,171185913;0,191210384;
China;ICT;Bi;LDS;t/yr;1,960537237;1,467153588;
China;ICT;Bi;HDS;t/yr;1,960537237;2,190230818;
China;ICT;Br;LDS;t/yr;571,0110757;427,0845437;
China;ICT;Br;HDS;t/yr;571,0110757;649,0211108;
China;ICT;Cd;LDS;t/yr;0,011687506;0,008741605;
China;ICT;Cd;HDS;t/yr;0,011687506;0,013284223;
China;ICT;Ce;LDS;t/yr;9,940978112;7,463894202;
China;ICT;Ce;HDS;t/yr;9,940978112;10,83377896;
China;ICT;Cl;LDS;t/yr;16,31460216;12,20241553;
China;ICT;Cl;HDS;t/yr;16,31460216;18,54346031;
China;ICT;Co;LDS;t/yr;389,9887058;275,9381392;
China;ICT;Co;HDS;t/yr;389,9887058;391,1334309;
China;ICT;Cr;LDS;t/yr;1423,12818;1886,465985;
China;ICT;Cr;HDS;t/yr;1423,12818;2732,078683;
China;ICT;Cu;LDS;t/yr;6953,921554;11133,86111;
China;ICT;Cu;HDS;t/yr;6953,921554;16417,00722;
China;ICT;Dy;LDS;t/yr;9,615795625;12,47153581;
China;ICT;Dy;HDS;t/yr;9,615795625;18,32392765;
China;ICT;Epoxy Resins;LDS;t/yr;766,7970642;5030,544259;
China;ICT;Epoxy Resins;HDS;t/yr;766,7970642;7655,652945;
China;ICT;Eu;LDS;t/yr;0,006981937;0,004911086;
China;ICT;Eu;HDS;t/yr;0,006981937;0,006983762;
China;ICT;Fe;LDS;t/yr;8918,661077;57396,84365;
China;ICT;Fe;HDS;t/yr;8918,661077;87184,28498;
China;ICT;Ga;LDS;t/yr;4,989278068;3,95647995;
China;ICT;Ga;HDS;t/yr;4,989278068;5,466612089;
China;ICT;Gd;LDS;t/yr;4,91117;3,706607017;
China;ICT;Gd;HDS;t/yr;4,91117;5,022205274;
China;ICT;Ge;LDS;t/yr;0,225285899;0,409867576;
China;ICT;Ge;HDS;t/yr;0,225285899;0,600773523;
China;ICT;Glass fibre;LDS;t/yr;1121,891138;7360,126019;
China;ICT;Glass fibre;HDS;t/yr;1121,891138;11200,88951;
China;ICT;Hf;LDS;t/yr;0,359232;0,271210943;
China;ICT;Hf;HDS;t/yr;0,359232;0,367392;
China;ICT;Hg;LDS;t/yr;0,020359771;0,015227977;
China;ICT;Hg;HDS;t/yr;0,020359771;0,023141269;
China;ICT;In;LDS;t/yr;4,137723901;3,089097153;
China;ICT;In;HDS;t/yr;4,137723901;4,499108077;
China;ICT;Li;LDS;t/yr;0,478976;0,361614591;
China;ICT;Li;HDS;t/yr;0,478976;0,489856;
China;ICT;Mg;LDS;t/yr;8477,351762;6327,558648;
China;ICT;Mg;HDS;t/yr;8477,351762;9017,852434;
China;ICT;Mn;LDS;t/yr;477,7209204;1234,652939;
China;ICT;Mn;HDS;t/yr;477,7209204;1860,308682;
China;ICT;Mo;LDS;t/yr;82,72212733;420,5134186;
China;ICT;Mo;HDS;t/yr;82,72212733;635,9911599;
China;ICT;Nb;LDS;t/yr;2,316077695;1,747847306;
China;ICT;Nb;HDS;t/yr;2,316077695;2,371991599;
China;ICT;Nd;LDS;t/yr;172,5232049;231,5552395;
China;ICT;Nd;HDS;t/yr;172,5232049;341,2610812;
China;ICT;Ni;LDS;t/yr;1469,882812;2145,601649;
China;ICT;Ni;HDS;t/yr;1469,882812;3120,941709;
China;ICT;Pb;LDS;t/yr;64,45445425;48,25561267;
China;ICT;Pb;HDS;t/yr;64,45445425;72,68879784;
China;ICT;Pd;LDS;t/yr;2,462899555;3,349249863;
China;ICT;Pd;HDS;t/yr;2,462899555;4,960769754;
China;ICT;Plastic;LDS;t/yr;1110,231223;7112,408022;
China;ICT;Plastic;HDS;t/yr;1110,231223;10814,97758;
China;ICT;Pr;LDS;t/yr;49,90678827;62,65485394;
China;ICT;Pr;HDS;t/yr;49,90678827;91,51562401;
China;ICT;Pt;LDS;t/yr;0,300528751;0,22688328;
China;ICT;Pt;HDS;t/yr;0,300528751;0,307488422;
China;ICT;Ru;LDS;t/yr;0,010287603;0,061779901;
China;ICT;Ru;HDS;t/yr;0,010287603;0,096073777;
China;ICT;Sb;LDS;t/yr;23,80728468;77,88230542;
China;ICT;Sb;HDS;t/yr;23,80728468;118,4721379;
China;ICT;Si;LDS;t/yr;5639,414754;4733,187066;
China;ICT;Si;HDS;t/yr;5639,414754;6558,376464;
China;ICT;Sn;LDS;t/yr;481,6242654;404,2477131;
China;ICT;Sn;HDS;t/yr;481,6242654;570,8398846;
China;ICT;Sr;LDS;t/yr;309,2676256;232,6145715;
China;ICT;Sr;HDS;t/yr;309,2676256;322,4977248;
China;ICT;Steel;LDS;t/yr;15708,08929;11744,16303;
China;ICT;Steel;HDS;t/yr;15708,08929;16710,04805;
China;ICT;Synthetic rubber;LDS;t/yr;21,22848;137,9396488;
China;ICT;Synthetic rubber;HDS;t/yr;21,22848;209,0623908;
China;ICT;Ta;LDS;t/yr;42,63400806;32,03502922;
China;ICT;Ta;HDS;t/yr;42,63400806;45,97394797;
China;ICT;Tb;LDS;t/yr;1,020845269;6,000894321;
China;ICT;Tb;HDS;t/yr;1,020845269;9,314832125;
China;ICT;Ti;LDS;t/yr;150,2946309;158,2440432;
China;ICT;Ti;HDS;t/yr;150,2946309;232,8799971;
China;ICT;V;LDS;t/yr;6,679938088;5,041051777;
China;ICT;V;HDS;t/yr;7,619519446;13,37912596;
China;ICT;W;LDS;t/yr;142,3087759;107,4141646;
China;ICT;W;HDS;t/yr;142,3087759;145,6088621;
China;ICT;Y;LDS;t/yr;0,093578119;0,069314811;
China;ICT;Y;HDS;t/yr;0,093578119;0,104291966;
China;ICT;Zn;LDS;t/yr;658,6459022;985,7937755;
China;ICT;Zn;HDS;t/yr;658,6459022;1454,300373;
China;ICT;Zr;LDS;t/yr;21,30295035;18,79949589;
China;ICT;Zr;HDS;t/yr;21,30295035;26,20315778;
World;ICT;Ag;LDS;t/yr;168,0383919;145,12491;
World;ICT;Ag;HDS;t/yr;168,0383919;206,031833;
World;ICT;Al;LDS;t/yr;130865,3096;131312,5077;
World;ICT;Al;HDS;t/yr;130865,3096;191589,8267;
World;ICT;As;LDS;t/yr;18,98974376;16,07196304;
World;ICT;As;HDS;t/yr;18,98974376;23,01024756;
World;ICT;Au;LDS;t/yr;94,45949265;92,20703352;
World;ICT;Au;HDS;t/yr;94,45949265;134,4180769;
World;ICT;B;LDS;t/yr;597,5559782;516,8043429;
World;ICT;B;HDS;t/yr;597,5559782;731,569656;
World;ICT;Ba;LDS;t/yr;1818,525457;1517,869492;
World;ICT;Ba;HDS;t/yr;1818,525457;2169,804022;
World;ICT;Be;LDS;t/yr;1,276323407;1,068581858;
World;ICT;Be;HDS;t/yr;1,276323407;1,500400585;
World;ICT;Bi;LDS;t/yr;13,60872741;11,66860021;
World;ICT;Bi;HDS;t/yr;13,60872741;16,54611999;
World;ICT;Br;LDS;t/yr;4298,7;3717,788642;
World;ICT;Br;HDS;t/yr;4298,7;5262,768;
World;ICT;Cd;LDS;t/yr;0,087986181;0,076096034;
World;ICT;Cd;HDS;t/yr;0,087986181;0,107718812;
World;ICT;Ce;LDS;t/yr;59,34929191;50,52663929;
World;ICT;Ce;HDS;t/yr;59,34929191;72,1120091;
World;ICT;Cl;LDS;t/yr;122,82;106,2225326;
World;ICT;Cl;HDS;t/yr;122,82;150,3648;
World;ICT;Co;LDS;t/yr;2652,282775;1771,562505;
World;ICT;Co;HDS;t/yr;2652,282775;2332,037028;
World;ICT;Cr;LDS;t/yr;8333,753144;9122,564306;
World;ICT;Cr;HDS;t/yr;8333,753144;13527,62124;
World;ICT;Cu;LDS;t/yr;50793,15298;57601,81196;
World;ICT;Cu;HDS;t/yr;50793,15298;84961,17808;
World;ICT;Dy;LDS;t/yr;59,38776423;62,30492617;
World;ICT;Dy;HDS;t/yr;59,38776423;93,10886847;
World;ICT;Epoxy Resins;LDS;t/yr;14746,09739;24592,47371;
World;ICT;Epoxy Resins;HDS;t/yr;14746,09739;37425,66094;
World;ICT;Eu;LDS;t/yr;0,04905;0,032437306;
World;ICT;Eu;HDS;t/yr;0,04905;0,04245;
World;ICT;Fe;LDS;t/yr;171512,713;280591,9788;
World;ICT;Fe;HDS;t/yr;171512,713;426211,7826;
World;ICT;Ga;LDS;t/yr;21,35896393;18,09754178;
World;ICT;Ga;HDS;t/yr;21,35896393;26,35055367;
World;ICT;Gd;LDS;t/yr;18,417308;14,93843979;
World;ICT;Gd;HDS;t/yr;18,417308;21,84054327;
World;ICT;Ge;LDS;t/yr;1,496207452;1,89096293;
World;ICT;Ge;HDS;t/yr;1,496207452;2,841466259;
World;ICT;Glass fibre;LDS;t/yr;21574,82958;35980,93889;
World;ICT;Glass fibre;HDS;t/yr;21574,82958;54757,01368;
World;ICT;Hf;LDS;t/yr;1,341548752;1,089941954;
World;ICT;Hf;HDS;t/yr;1,341548752;1,594753513;
World;ICT;Hg;LDS;t/yr;0,153272939;0,132560167;
World;ICT;Hg;HDS;t/yr;0,153272939;0,187647409;
World;ICT;In;LDS;t/yr;25,75198384;21,50897134;
World;ICT;In;HDS;t/yr;25,75198384;30,47481548;
World;ICT;Li;LDS;t/yr;1,78873167;1,453255939;
World;ICT;Li;HDS;t/yr;1,78873167;2,126338017;
World;ICT;Mg;LDS;t/yr;47148,33229;38560,30095;
World;ICT;Mg;HDS;t/yr;47148,33229;54720,86406;
World;ICT;Mn;LDS;t/yr;5011,620793;6560,3583;
World;ICT;Mn;HDS;t/yr;5011,620793;9782,127017;
World;ICT;Mo;LDS;t/yr;1283,638323;2042,858823;
World;ICT;Mo;HDS;t/yr;1283,638323;3098,152527;
World;ICT;Nb;LDS;t/yr;8,799679375;7,1509388;
World;ICT;Nb;HDS;t/yr;8,799679375;10,44617658;
World;ICT;Nd;LDS;t/yr;1093,261226;1162,414146;
World;ICT;Nd;HDS;t/yr;1093,261226;1739,560534;
World;ICT;Ni;LDS;t/yr;9048,895618;10285,77371;
World;ICT;Ni;HDS;t/yr;9048,895618;15292,46398;
World;ICT;Pb;LDS;t/yr;465,7062719;401,7629454;
World;ICT;Pb;HDS;t/yr;465,7062719;569,4600562;
World;ICT;Pd;LDS;t/yr;17,66480564;18,9514895;
World;ICT;Pd;HDS;t/yr;17,66480564;27,81362812;
World;ICT;Plastic;LDS;t/yr;21350,60044;34769,93706;
World;ICT;Plastic;HDS;t/yr;21350,60044;52870,43271;
World;ICT;Pr;LDS;t/yr;297,5119243;304,9418299;
World;ICT;Pr;HDS;t/yr;297,5119243;454,3502427;
World;ICT;Pt;LDS;t/yr;1,126755912;0,915894566;
World;ICT;Pt;HDS;t/yr;1,126755912;1,339733142;
World;ICT;Ru;LDS;t/yr;0,197838512;0,302019127;
World;ICT;Ru;HDS;t/yr;0,197838512;0,469669226;
World;ICT;Sb;LDS;t/yr;299,2672829;418,352255;
World;ICT;Sb;HDS;t/yr;299,2672829;627,4643032;
World;ICT;Si;LDS;t/yr;24155,73836;21071,25129;
World;ICT;Si;HDS;t/yr;24155,73836;30812,65655;
World;ICT;Sn;LDS;t/yr;2413,489607;2108,269854;
World;ICT;Sn;HDS;t/yr;2413,489607;3049,392272;
World;ICT;Sr;LDS;t/yr;1399,114517;1149,073133;
World;ICT;Sr;HDS;t/yr;1399,114517;1657,163168;
World;ICT;Steel;LDS;t/yr;85885,8788;70615,28805;
World;ICT;Steel;HDS;t/yr;85885,8788;100459,9282;
World;ICT;Synthetic rubber;LDS;t/yr;408,24;674,3360186;
World;ICT;Synthetic rubber;HDS;t/yr;408,24;1022,028847;
World;ICT;Ta;LDS;t/yr;238,6755511;202,0124204;
World;ICT;Ta;HDS;t/yr;238,6755511;289,0330603;
World;ICT;Tb;LDS;t/yr;19,63163979;29,33615693;
World;ICT;Tb;HDS;t/yr;19,63163979;45,53677541;
World;ICT;Ti;LDS;t/yr;993,1518269;966,2018132;
World;ICT;Ti;HDS;t/yr;993,1518269;1402,581236;
World;ICT;V;LDS;t/yr;25,286262;20,53290131;
World;ICT;V;HDS;t/yr;43,35513428;61,97793514;
World;ICT;W;LDS;t/yr;535,3121506;434,7557184;
World;ICT;W;HDS;t/yr;535,3121506;635,6202243;
World;ICT;Y;LDS;t/yr;0,696839857;0,580956793;
World;ICT;Y;HDS;t/yr;0,696839857;0,814841064;
World;ICT;Zn;LDS;t/yr;4745,646704;5270,545156;
World;ICT;Zn;HDS;t/yr;4745,646704;7757,804874;
World;ICT;Zr;LDS;t/yr;88,6556899;78,29975427;
World;ICT;Zr;HDS;t/yr;88,6556899;116,4898217;
